Year,Month,DAY,TEM,DPT,WIS,HUM,SLP,TRAN,ARAN,RAN
1964,1,31,19.6,13.3,4.4,71.52,1014.6,3,0.1,NRT
1964,2,29,22.3,14.5,4.7,71.03,1013,3,0.1,NRT
1964,3,31,26.5,21.4,6.1,78.06,1010.9,0,0,NRT
1964,4,30,27.4,22.5,10.5,80.7,1007.7,198,6.6,LTR
1964,5,31,28.3,24,6.2,79.97,1004.6,195,6.29,LTR
1964,6,30,27.7,24.1,9.2,85.83,1001.7,419,13.97,MHR
1964,7,31,26.8,24.7,8.8,88.74,1004.1,1077,34.74,MHR
1964,8,31,27.5,24.9,8.9,87.23,1001.4,623,20.1,MHR
1964,9,30,28.1,24.1,6,84.83,1004.5,266,8.87,LTR
1964,10,31,27.1,24.1,5.4,85.42,1007.6,268,8.65,LTR
1964,11,30,24.7,19.6,3.9,79.2,1011.2,19,0.63,NRT
1964,12,31,20.9,15.5,3.2,74.84,1014.3,0,0,NRT
1965,1,31,19.7,13.5,3.3,72.35,1014.8,0,0,NRT
1965,2,28,21.2,13.5,3.8,71.93,1011.5,71,2.54,LTR
1965,3,31,24.4,18.2,4.6,73.39,1011.1,31,1,LTR
1965,4,30,27.5,22.1,8.4,78.33,1008.2,5,0.17,NRT
1965,5,31,28.6,24.5,8.9,80.48,1004.4,190,6.13,LTR
1965,6,30,27.3,24.1,10.2,88,1000.6,614,20.47,MHR
1965,7,31,27,24.3,8.8,86.81,1001.8,971,31.32,MHR
1965,8,31,26.6,24.6,7.5,89.58,1004.4,625,20.16,MHR
1965,9,30,27.6,23.6,6.4,84.2,1005.6,223,7.43,LTR
1965,10,31,27.1,23.8,4.3,83.55,1009.5,152,4.9,LTR
1965,11,30,24.3,19.1,3.3,78.87,1013.1,0,0,NRT
1965,12,31,21.1,12.8,0,80.3,1013.5,0,0,NRT
1966,1,31,20,14.8,3.3,75.65,1014.9,0,0,NRT
1966,2,28,22.5,15.4,5.4,76.32,1012.4,0,0,NRT
1966,3,31,25.3,19.9,6.1,76.13,1008.9,28,0.9,NRT
1966,4,30,28.5,15,8.4,76.07,1007.8,0,0,NRT
1966,5,31,29.6,25.3,7.4,80.39,988,174,5.61,LTR
1966,6,30,26.8,24,12.5,89.53,1002,531,17.7,MHR
1966,7,31,27.9,24.8,8.5,85.1,1001.5,224,7.23,LTR
1966,8,31,27.1,24.9,8.9,88.68,1002.8,606,19.55,MHR
1966,9,30,27.5,23.4,6.5,84.2,1005.5,403,13.43,MHR
1966,10,31,26.7,23.4,4.9,84.55,1010,234,7.55,LTR
1966,11,30,25.1,19.3,3.6,76.8,1011.6,0,0,NRT
1966,12,31,20.1,15.6,4.7,78.13,1012.3,100,3.23,LTR
1967,1,31,20.8,15.5,3.9,78.03,981.7,16,0.52,NRT
1967,2,28,22.2,15.6,5.2,78.39,1012.1,0,0,NRT
1967,3,31,25.1,19.7,7.2,75.81,1011,29,0.94,NRT
1967,4,30,27.2,21.3,8,77.27,1008.3,127,4.23,LTR
1967,5,31,28.8,24.2,8.2,78.68,1004.5,91,2.94,LTR
1967,6,30,28.3,24.4,8.5,84.93,1002.1,222,7.4,LTR
1967,7,31,27.8,24.9,9.6,85.16,1001.4,308,9.94,LTR
1967,8,31,27.4,24.6,9.8,85.68,1001,554,17.87,MHR
1967,9,30,27.2,23.6,8.3,85.73,1004.8,339,11.3,MHR
1967,10,31,26.7,22.7,4.8,81.32,1009.8,218,7.03,LTR
1967,11,30,22.5,16.3,3.4,74.5,1013.2,0,0,NRT
1967,12,31,20.5,15.3,3.7,75.84,1015.2,0,0,NRT
1968,1,31,19.2,12.9,6.6,71.68,1014,7,0.23,NRT
1968,2,29,21.4,13.9,6.2,71.66,1009.2,11,0.38,NRT
1968,3,31,25.1,18.4,5.9,72,1011.1,58,1.87,LTR
1968,4,30,27.7,21.9,8.6,76.93,1009.4,10,0.33,NRT
1968,5,31,28,23.5,9.5,78.68,1005.1,363,11.71,MHR
1968,6,30,27.1,23.3,10.7,85.5,1001.9,585,19.5,MHR
1968,7,31,27.8,24.7,9.1,84.65,1001.5,1095,35.32,MHR
1968,8,31,27.3,24.7,8.4,86.55,1001.5,363,11.71,MHR
1968,9,30,28.1,23.8,5.2,82.63,1005.9,101,3.37,LTR
1968,10,31,26.8,23.1,4.2,82.19,1010.3,90,2.9,LTR
1968,11,30,24.2,18.3,3.8,75.73,1014,0,0,NRT
1968,12,31,20.7,12.8,3.7,78.64,1013.4,0,0,NRT
1969,1,31,18.8,12.2,4.4,70.26,1012.8,21,0.68,NRT
1969,2,28,22.1,12.8,4.2,67.5,1012.6,0,0,NRT
1969,3,31,25.7,20.6,4.8,77.16,1010.6,120,3.87,LTR
1969,4,30,27.7,22.7,7.6,80.2,1009,251,8.37,LTR
1969,5,31,29,20.5,9.5,79.26,1004.5,0,0,NRT
1969,6,30,27.7,24.3,9,86.8,1001.4,677,22.57,MHR
1969,7,31,27.6,25,8.9,87,1000.9,684,22.06,MHR
1969,8,31,27,24.8,7.7,88.87,1004.2,715,23.06,MHR
1969,9,30,28,23.9,4.5,83.73,1004.9,257,8.57,LTR
1969,10,31,27,22.8,3.1,80.58,1009.9,30,0.97,NRT
1969,11,30,23.8,18.1,2.6,77.17,1012.7,33,1.1,LTR
1969,12,31,20.3,15,2.8,75.77,1014.9,0,0,NRT
1970,1,31,19.1,12.7,3.8,70.97,1015,1,0.03,NRT
1970,2,28,22.1,13.9,4.2,71,1013.9,20,0.71,NRT
1970,3,31,26,20.7,6.9,76.23,1010.2,2,0.06,NRT
1970,4,30,28,22.7,8.4,78.73,1009.4,40,1.33,LTR
1970,5,31,28.7,24.5,8.7,80.1,1004.8,158,5.1,LTR
1970,6,30,28,24.4,7.7,86.2,1002.7,313,10.43,MHR
1970,7,31,27.4,25.3,8.7,89.13,1001.4,1041,33.58,MHR
1970,8,31,27.5,24.9,6.4,86.77,1003.3,405,13.06,MHR
1970,9,30,27.6,23.9,5.4,85.53,1004.9,317,10.57,MHR
1970,10,31,26.8,23.8,5,85.58,1008,380,12.26,MHR
1970,11,30,23.4,18.6,3.4,80.2,1011.8,151,5.03,LTR
1970,12,31,20.1,14.7,3.8,74.94,1013.2,0,0,NRT
1971,1,31,19.8,14.3,2.8,74.9,1013.7,10,0.32,NRT
1971,2,28,21.5,12.5,4,67.29,1011.8,0,0,NRT
1971,3,31,24.5,16.5,4.3,65.8,1011.1,0,0,NRT
1971,4,30,28.1,20.3,4.6,70.79,1008.9,2,0.07,NRT
1971,5,31,28.8,23.4,6.4,75.16,1005.5,63,2.03,LTR
1971,6,30,27.7,23.9,8.5,85.7,1000.7,853,28.43,MHR
1971,7,31,27.1,24.8,8.3,88.13,1001.3,949,30.61,MHR
1971,8,31,26.9,24.4,7.5,87.39,1003.7,707,22.81,MHR
1971,9,30,28.4,23.8,6,81.9,1005.5,184,6.13,LTR
1971,10,31,27.9,23.7,4,79.94,1009.6,59,1.9,LTR
1971,11,30,24.3,12.4,3.4,83.79,1010,0,0,NRT
1971,12,31,21.6,15.2,3.4,69,1014,0,0,NRT
1972,1,31,20,9.1,2.8,75.98,1014.8,0,0,NRT
1972,2,29,20.6,12.6,4.4,68.41,1011.8,2,0.07,NRT
1972,3,31,25.2,19.7,5.9,76.13,1011.5,0,0,NRT
1972,4,30,27.3,22.1,10.2,78.8,1009.5,87,2.9,LTR
1972,5,31,29.1,24.5,11.3,78.42,1006,15,0.48,NRT
1972,6,30,28.2,24,8.3,83.7,1003.4,457,15.23,MHR
1972,7,31,28.2,25.4,10.7,85.81,1000.4,372,12,MHR
1972,8,31,26.8,24.6,9.2,88.65,1003.1,565,18.23,MHR
1972,9,30,28.7,19,6,80.2,1007,0,0,NRT
1972,10,31,27.2,23.2,4.4,81.06,1011.5,88,2.84,LTR
1972,11,30,24.7,18.8,4.1,76.1,1012.2,0,0,NRT
1972,12,31,20.8,15,3.9,73.68,1014.2,0,0,NRT
1973,1,31,20.5,13.5,4.2,69.84,1014.6,5,0.16,NRT
1973,2,28,22.8,14.1,5.2,69.64,1014.1,8,0.29,NRT
1973,3,31,25,17.3,6.5,69.06,1011.6,14,0.45,NRT
1973,4,30,28.4,23.2,10.7,78.9,1007.5,142,4.73,LTR
1973,5,31,27.7,24.1,7.6,82.48,1005.5,457,14.74,MHR
1973,6,30,28.1,24.7,7.4,87.33,1002.2,407,13.57,MHR
1973,7,31,27.9,25.2,10.2,86.61,1001.4,407,13.13,MHR
1973,8,31,27.4,24.8,7.3,86.71,1003.4,276,8.9,LTR
1973,9,30,27.4,24.1,5.7,87.27,1006.3,551,18.37,MHR
1973,10,31,27.4,24.1,4.3,84.06,1009.2,225,7.26,LTR
1973,11,30,24.1,20.1,4.3,84.17,1011.6,259,8.63,LTR
1973,12,31,19.8,15.7,4,80.03,1014.7,40,1.29,LTR
1974,1,31,19.1,13.5,3.5,74.1,1013.5,7,0.23,NRT
1974,2,28,21.1,12,4,67.04,1012.5,0,0,NRT
1974,3,31,24.7,19.8,6.5,78.16,1010.5,158,5.1,LTR
1974,4,30,27.4,22.6,9.6,80.57,1007.4,80,2.67,LTR
1974,5,31,27.8,23.9,10.5,81.26,1004.4,323,10.42,MHR
1974,6,30,27.3,23.8,10.5,86.13,1001.7,958,31.93,MHR
1974,7,31,26.4,24.9,12.1,91.81,1002.9,943,30.42,MHR
1974,8,31,27.2,25,11,88.52,1001.2,529,17.06,MHR
1974,9,30,27.5,23.9,6.8,85.43,1006.9,347,11.57,MHR
1974,10,31,27.9,24.4,4.8,82.87,1007.9,308,9.94,LTR
1974,11,30,25.4,20.9,4.3,81.77,1010.8,63,2.1,LTR
1974,12,31,19.7,14,4.6,73.16,1015,0,0,NRT
1975,1,31,19.3,12.8,5,70.68,1014.7,0,0,NRT
1975,2,28,21.9,13.8,5.6,70.86,1013.4,5,0.18,NRT
1975,3,31,26.2,19.5,6.1,71.77,1010.4,0,0,NRT
1975,4,30,28.2,22.6,12.1,77.4,1008,65,2.17,LTR
1975,5,31,28.2,24.1,10.8,80.52,1004.3,251,8.1,LTR
1975,6,30,28.2,23.9,10.3,83.23,1000.6,389,12.97,MHR
1975,7,31,26.6,24.5,11.5,89.23,1004.3,906,29.23,MHR
1975,8,31,27.8,24.8,9.9,84.81,1002.4,294,9.48,LTR
1975,9,30,27.5,23.7,8.1,85.23,1006.3,312,10.4,MHR
1975,10,31,27.3,24.4,5.4,85.32,1007.3,231,7.45,LTR
1975,11,30,23.3,19.1,4.7,82.23,1012.3,145,4.83,LTR
1975,12,31,19.4,14.3,4.6,76,1014.4,0,0,NRT
1976,1,31,19.5,13.5,4.7,72.71,1015.1,0,0,NRT
1976,2,29,22.2,15.2,6.1,73.52,1012.4,6,0.21,NRT
1976,3,31,26.2,21,9.5,76,1010,2,0.06,NRT
1976,4,30,28.5,22.4,12.6,75.83,1008.5,50,1.67,LTR
1976,5,31,28.6,23.9,10.1,78.35,1004.9,123,3.97,LTR
1976,6,30,27.1,23.8,10.9,87.4,1002.7,1041,34.7,MHR
1976,7,31,27.1,16.8,11.5,89.8,1001.3,0,0,NRT
1976,8,31,27.4,24.6,9.5,85.61,1004.8,377,12.16,MHR
1976,9,30,28.4,23.8,8,81.9,1006.3,96,3.2,LTR
1976,10,31,27.1,23.1,5.6,81.13,1009.5,163,5.26,LTR
1976,11,30,25.2,20,5.6,78.7,1011.4,251,8.37,LTR
1976,12,31,20.3,15,3.8,74.71,1014.5,10,0.32,NRT
1977,1,31,19.6,12.4,5.7,67.45,1014.8,0,0,NRT
1977,2,28,21.6,14.2,4.4,73.39,1014.8,71,2.54,LTR
1977,3,31,26.3,21.9,5.4,80.26,1013.4,0,0,NRT
1977,4,30,25.5,21.4,6.9,83.57,1009.9,418,13.93,MHR
1977,5,31,27.6,23.5,5.7,84,1007.6,271,8.74,LTR
1977,6,30,26.8,23.5,4.8,87.43,1005,430,14.33,MHR
1977,7,31,27.2,25,5.5,89.1,1002.5,715,23.06,MHR
1977,8,31,27.3,25,4.1,88.39,1004.7,328,10.58,MHR
1977,9,30,28,24,4.1,84.67,1007.1,92,3.07,LTR
1977,10,31,26.7,22.9,3.6,82.13,1013.3,124,4,LTR
1977,11,30,24.6,19.5,3.5,80.1,1014.6,35,1.17,LTR
1977,12,31,20.5,14.6,3.4,72.77,1016.3,0,0,NRT
1978,1,31,18.5,11.1,8.4,67.03,1015.8,0,0,NRT
1978,2,28,22,12.9,7,66.36,1015.3,0,0,NRT
1978,3,31,25.2,16.3,8.3,63.42,1010.9,2,0.06,NRT
1978,4,30,27.3,21.3,8.4,76.37,1008.9,48,1.6,LTR
1978,5,31,27.8,24,9.5,81.97,1004,369,11.9,MHR
1978,6,30,27.3,23.6,10.7,85.5,1002.3,811,27.03,MHR
1978,7,31,27.7,24.8,10.7,85.19,1003.3,277,8.94,LTR
1978,8,31,28.1,25.1,10.6,84.74,1001.2,425,13.71,MHR
1978,9,30,27.4,23.8,8.6,86.07,1005.6,381,12.7,MHR
1978,10,31,27.8,24.4,5.8,83.06,1009.5,192,6.19,LTR
1978,11,30,25,19.3,4.6,76.73,1013.4,0,0,NRT
1978,12,31,21.1,15.1,5.5,72.03,1015.8,0,0,NRT
1979,1,31,20.2,12.9,5.4,68.26,1015.4,1,0.03,NRT
1979,2,28,21.9,11.7,6.9,62.14,1013.4,2,0.07,NRT
1979,3,31,25,17.8,9.9,70.06,1010.7,1,0.03,NRT
1979,4,30,28.2,22.4,9.6,76.17,1008.4,43,1.43,LTR
1979,5,31,29.8,24.9,11.4,76.81,1006,213,6.87,LTR
1979,6,30,28.3,24,10.8,82.87,1002.2,653,21.77,MHR
1979,7,31,28.1,25,10.4,84.06,1003.7,446,14.39,MHR
1979,8,31,27.3,24.3,11.5,85.68,1001.9,920,29.68,MHR
1979,9,30,27.5,23.7,7.2,85.2,1006.9,425,14.17,MHR
1979,10,31,27.5,23.1,6.4,79.26,1011.9,59,1.9,LTR
1979,11,30,26.1,20.3,5.7,76.4,1012.6,52,1.73,LTR
1979,12,31,21.4,15.9,6.1,75.1,1015.7,36,1.16,LTR
1980,1,31,19.8,13.1,7.3,68.77,1014.5,0,0,NRT
1980,2,29,21.6,13.8,7.9,68.55,1013.6,28,0.97,NRT
1980,3,31,25.6,19.6,7.9,72.52,1011.4,52,1.68,LTR
1980,4,30,28.9,22.6,13.7,74,1008.1,46,1.53,LTR
1980,5,31,27.7,23.7,10.7,80.13,1006.2,456,14.71,MHR
1980,6,30,27.9,23.6,11.5,82.1,1002.8,517,17.23,MHR
1980,7,31,27.7,24.9,11.9,85.23,1002.3,627,20.23,MHR
1980,8,31,27.7,24.8,10.9,85.42,1003.4,702,22.65,MHR
1980,9,30,28.3,24.4,8,83.97,1006.6,229,7.63,LTR
1980,10,31,26.7,23.3,6.3,82.55,1010,275,8.87,LTR
1980,11,30,24.5,18.1,4.8,72.23,1013,0,0,NRT
1980,12,31,20.9,14.9,4.5,70.52,1013.7,0,0,NRT
1981,1,31,19.8,14,5.8,72.65,1015.6,15,0.48,NRT
1981,2,28,21.9,13,7,66.46,1013.5,2,0.07,NRT
1981,3,31,24.5,17.5,8.8,69.48,1012.5,129,4.16,LTR
1981,4,30,25.7,20.9,9.5,80.1,1009.3,279,9.3,LTR
1981,5,31,27.9,23.4,8.9,78.8,1006.2,341,11,MHR
1981,6,30,27.9,23.8,10.8,84.4,1001,364,12.13,MHR
1981,7,31,27.2,24.7,11.9,87.84,1002.5,825,26.61,MHR
1981,8,31,27.9,24.5,10.4,83.16,1001.7,343,11.06,MHR
1981,9,30,27.9,23.6,7.3,83.47,1007.3,150,5,LTR
1981,10,31,27.9,22.8,5.9,76.55,1009.2,20,0.65,NRT
1981,11,30,25.2,18.5,5.9,72.17,1011.1,1,0.03,NRT
1981,12,31,21.1,13.2,4.5,72.38,1015.8,0,0,NRT
1982,1,31,19.8,13.1,5.9,69.35,1015.5,0,0,NRT
1982,2,28,22.2,13.5,6.8,68.5,1013.2,7,0.25,NRT
1982,3,31,24.9,17.3,8.8,67.61,1011.3,53,1.71,LTR
1982,4,30,27.2,21.8,11.9,77.3,1009.1,143,4.77,LTR
1982,5,31,29.5,24,7.5,75.29,1006.9,44,1.42,LTR
1982,6,30,27.3,23.6,10.5,85.63,1001.8,746,24.87,MHR
1982,7,31,27.9,24.8,9.8,85.16,1002.1,475,15.32,MHR
1982,8,31,27.2,24.7,9.7,87.74,1001.8,797,25.71,MHR
1982,9,30,28,23.7,6.6,82.13,1006.3,401,13.37,MHR
1982,10,31,27.8,23.1,4.7,78.1,1011.2,5,0.16,NRT
1982,11,30,23.7,17.4,3.9,74.03,1013,43,1.43,LTR
1982,12,31,20.1,14.3,5.4,73.48,1015.3,1,0.03,NRT
1983,1,31,19.5,13.7,4.9,72.68,1016.4,5,0.16,NRT
1983,2,28,21.2,12.5,6,67.36,1014.2,44,1.57,LTR
1983,3,31,25.2,20.4,8.7,76.94,1011.5,79,2.55,LTR
1983,4,30,27.1,21.4,11.9,76.77,1008.9,219,7.3,LTR
1983,5,31,28,23.5,8.3,78.48,1007.2,222,7.16,LTR
1983,6,30,28.4,23.6,10.4,80.9,1003.7,609,20.3,MHR
1983,7,31,28.2,24.6,8.2,82.58,1003.7,812,26.19,MHR
1983,8,31,27.9,24.7,8.9,84.39,1003.8,1457,47,MHR
1983,9,30,28.3,23.9,7.4,82.67,1006.4,162,5.4,LTR
1983,10,31,27.1,23.5,6,82.55,1008.1,390,12.58,MHR
1983,11,30,25,20.3,4.3,80.97,1013.3,57,1.9,LTR
1983,12,31,20.2,14.5,3.9,73.45,1015.2,52,1.68,LTR
1984,1,31,19.3,13,4.7,71.55,1013.9,1,0.03,NRT
1984,2,29,21.3,12.7,6.7,66.24,1012.4,0,0,NRT
1984,3,31,24.9,19.4,7.4,74.52,1010.6,0,0,NRT
1984,4,30,27.5,21.9,10.3,77.57,1007.4,125,4.17,LTR
1984,5,31,27.8,24.1,13.3,82.23,1004.7,428,13.81,MHR
1984,6,30,27.7,23.8,13.1,85.37,999.3,595,19.83,MHR
1984,7,31,27.7,24.6,13.1,84.55,1003.1,802,25.87,MHR
1984,8,31,27.4,24.7,11.3,86.19,1001.9,326,10.52,MHR
1984,9,30,28,23.4,7.2,81.67,1007.3,175,5.83,LTR
1984,10,31,27.7,24,5.8,82.39,1009.5,122,3.94,LTR
1984,11,30,24.1,17.9,4.3,74.63,1013.6,0,0,NRT
1984,12,31,20.6,14.9,6.8,73.58,1013,2,0.06,NRT
1985,1,31,20.1,14,6.2,72.1,1015.1,17,0.55,NRT
1985,2,28,21.7,13.3,7.9,70.04,1009.6,6,0.21,NRT
1985,3,31,26,22,11.7,80.58,1010.2,88,2.84,LTR
1985,4,30,27.9,23.2,13.8,81,1006.5,143,4.77,LTR
1985,5,31,27.9,23.5,11.9,79.48,1004.6,511,16.48,MHR
1985,6,30,27.9,23.8,12.9,84.67,1000,517,17.23,MHR
1985,7,31,27,24.2,13.7,85.77,1004.1,1031,33.26,MHR
1985,8,31,27.9,24.7,12.6,84.94,1002.3,469,15.13,MHR
1985,9,30,28,23.6,7.6,82.73,1006.3,143,4.77,LTR
1985,10,31,27.7,22.9,6.1,77.61,1009.7,47,1.52,LTR
1985,11,30,23.6,17.7,4.6,75.33,1012.5,198,6.6,LTR
1985,12,31,21.5,16.1,5.4,74.9,1014.6,2,0.06,NRT
1986,1,31,19.9,14.3,4.8,73.61,1014.9,2,0.06,NRT
1986,2,28,22.7,13.1,6.2,65.75,1013.7,0,0,NRT
1986,3,31,26,19.1,7.6,70.03,1010.3,0,0,NRT
1986,4,30,27.8,21.9,13,76.53,1008.6,145,4.83,LTR
1986,5,31,28.5,23.4,8.5,77,1005.6,177,5.71,LTR
1986,6,30,28.5,24.2,11.7,83.23,1000.8,820,27.33,MHR
1986,7,31,27.9,24.6,12.1,84.13,1003.1,894,28.84,MHR
1986,8,31,28.4,25,8.3,83.84,1003,311,10.03,MHR
1986,9,30,27.8,23.7,7.4,83.7,1007.4,139,4.63,LTR
1986,10,31,27.2,23.2,6.1,81.16,1011.2,200,6.45,LTR
1986,11,30,24.6,18.9,6.1,76.87,1013.1,122,4.07,LTR
1986,12,31,21.4,15.5,6.4,73.1,1016.1,0,0,NRT
1987,1,31,20.2,14.2,5.9,72.39,1016.2,3,0.1,NRT
1987,2,28,22.4,14.3,6.5,71.25,1015.2,20,0.71,NRT
1987,3,31,25.4,19.8,7.3,74.45,1011.5,80,2.58,LTR
1987,4,30,27.3,22.4,12.1,79.73,1009.5,287,9.57,LTR
1987,5,31,29.2,24.2,9.8,76.84,1008.2,63,2.03,LTR
1987,6,30,28.8,23.9,12.2,81.04,1002.7,348,11.6,MHR
1987,7,31,27.3,25.1,12.4,88.81,1002.6,1206,38.9,MHR
1987,8,31,27.9,24.9,10.2,84.55,1003.6,673,21.71,MHR
1987,9,30,28.2,24.1,9.6,83.8,1007,429,14.3,MHR
1987,10,31,27.6,23.4,5.4,79.94,1010.8,35,1.13,LTR
1987,11,30,25.6,20.1,6,77.23,1011.5,49,1.63,LTR
1987,12,31,21.6,16.2,5.1,74.94,1015.7,17,0.55,NRT
1988,1,31,20.3,14.1,6.1,71.45,1014.4,0,0,NRT
1988,2,29,22.8,15.4,6.2,71.59,1012.5,11,0.38,NRT
1988,3,31,26.1,20,7,72.35,1009.5,35,1.13,LTR
1988,4,30,28.1,22,7.9,75.03,1009,182,6.07,LTR
1988,5,31,28.6,24.3,10.6,79.1,1004.7,433,13.97,MHR
1988,6,30,27.8,23.7,9.6,83.67,1002.4,643,21.43,MHR
1988,7,31,28.1,24.7,10.7,84.26,1003.6,632,20.39,MHR
1988,8,31,28,24.8,10.4,84.16,1004.1,413,13.32,MHR
1988,9,30,28.4,23.8,6.7,82.2,1006,329,10.97,MHR
1988,10,31,27.4,23.7,6.7,82.35,1007.7,342,11.03,MHR
1988,11,30,25.5,20,5.6,77.33,1012.3,72,2.4,LTR
1988,12,31,22.4,17.4,5.2,76.23,1015.4,1,0.03,NRT
1989,1,31,18.6,11.2,5.7,67.32,1013.8,0,0,NRT
1989,2,28,22.4,14.3,6.5,71.11,1012.9,2,0.07,NRT
1989,3,31,25.8,18.2,9,68.35,1010,0,0,NRT
1989,4,30,28,21.9,13.4,75.73,1007.5,220,7.33,LTR
1989,5,31,29.6,24.3,9.9,75.81,1004.6,82,2.65,LTR
1989,6,30,28.5,23.6,11.1,80.5,1003.2,277,9.23,LTR
1989,7,31,27.9,24.7,10.4,84.39,1003.5,1173,37.84,MHR
1989,8,31,28.3,24.2,8.6,80.77,1003.5,66,2.13,LTR
1989,9,30,28.1,23.7,5.9,82.93,1006.3,360,12,MHR
1989,10,31,26.4,23.6,5.9,85.94,1009.2,404,13.03,MHR
1989,11,30,23.6,17.4,3.4,74.3,1014.7,14,0.47,NRT
1989,12,31,20.1,14.4,4.2,73.87,1016.4,0,0,NRT
1990,1,31,19.9,15,4.5,76.71,1014.1,0,0,NRT
1990,2,28,23,15.8,6,74.89,1013.6,39,1.39,LTR
1990,3,31,23.9,18.4,6.6,74.77,1012.7,53,1.71,LTR
1990,4,30,26.7,21.1,10.3,77.47,1008.2,250,8.33,LTR
1990,5,31,28.8,24.2,6.6,78.48,1004.8,205,6.61,LTR
1990,6,30,28.3,24,7.9,83.3,1001.3,668,22.27,MHR
1990,7,31,27.2,24.8,7.3,87.71,1001.9,1038,33.48,MHR
1990,8,31,28.5,24.7,6.2,81.71,1004.7,115,3.71,LTR
1990,9,30,28.4,23.9,5.5,82.13,1006.5,141,4.7,LTR
1990,10,31,27.2,23.1,5.5,80.71,1010.2,233,7.52,LTR
1990,11,30,25.6,20.9,4.1,80.97,1012.1,74,2.47,LTR
1990,12,31,21.1,16.4,3.8,78.19,1015.5,36,1.16,LTR
1991,1,31,19.2,14.1,3.3,76.16,1014.9,19,0.61,NRT
1991,2,28,22.7,15.2,4.2,74.11,1014,0,0,NRT
1991,3,31,27,21.2,6.1,74.06,1010.4,43,1.39,LTR
1991,4,30,28.1,18.1,10.3,77.77,1007.7,0,0,NRT
1991,5,31,29,24.4,7.6,78.05,1007.3,371,11.97,MHR
1991,6,30,28,24,7.1,84.67,1003.6,774,25.8,MHR
1991,7,31,28.3,25.1,8.7,84.45,1002,818,26.39,MHR
1991,8,31,28.4,25.1,8.3,84.19,1003,357,11.52,MHR
1991,9,30,28.1,24.3,5.9,84.8,1007.7,360,12,MHR
1991,10,31,27.5,24.1,5.2,83.26,1009.3,211,6.81,LTR
1991,11,30,23.3,18.2,2.7,78.87,1014.5,99,3.3,LTR
1991,12,31,20.2,15.1,3,75.81,1015.4,13,0.42,NRT
1992,1,31,18.8,14.1,3.9,77.19,1016.7,0,0,NRT
1992,2,29,21.2,15.2,4.7,76.52,1013.5,119,4.1,LTR
1992,3,31,26.1,22.5,8.1,82.45,1011,0,0,NRT
1992,4,30,29,23.3,9.3,77.43,1008.7,1,0.03,NRT
1992,5,31,28.6,24,8.2,78.16,1006.3,127,4.1,LTR
1992,6,30,28.9,24.5,7.1,83.03,1002.3,571,19.03,MHR
1992,7,31,28,25.1,7.1,85.39,1003.2,412,13.29,MHR
1992,8,31,28.5,25.2,8,83.45,1003.9,280,9.03,LTR
1992,9,30,28.2,24.5,6.3,85.73,1006.1,292,9.73,LTR
1992,10,31,27.4,24,3.8,83.39,1009.4,435,14.03,MHR
1992,11,30,24.8,19.5,3.1,78,1013.8,4,0.13,NRT
1992,12,31,19.9,15.3,3.4,78,1016.3,34,1.1,LTR
1993,1,31,19.5,14.1,3.5,75.19,1015.1,9,0.29,NRT
1993,2,28,22.2,15,7.3,74.89,1013.8,71,2.54,LTR
1993,3,31,24.4,18.4,6.3,73.87,1011.9,223,7.19,LTR
1993,4,30,27.3,22,6.1,78.77,1009.6,100,3.33,LTR
1993,5,31,27.7,23.9,8.1,81.19,1006,667,21.52,MHR
1993,6,30,27.9,24.2,10.3,85.47,1003,791,26.37,MHR
1993,7,31,28.3,25.1,9.2,84.23,1002.3,437,14.1,MHR
1993,8,31,27.8,24.9,8.6,85.71,1003.3,638,20.58,MHR
1993,9,30,27.8,23.9,7,84.37,1006.6,273,9.1,LTR
1993,10,31,27.7,23.9,5.1,81.58,1011.2,129,4.16,LTR
1993,11,30,24.2,18.8,4,77.73,1012.7,14,0.47,NRT
1993,12,31,21.1,15.6,4.4,74.71,1014.7,0,0,NRT
1994,1,31,20.3,14.5,5.7,73.55,1013.5,7,0.23,NRT
1994,2,28,21.9,12.3,5.9,65.21,1012.4,8,0.29,NRT
1994,3,31,25.7,20.3,9.6,76.26,1010.8,194,6.26,LTR
1994,4,30,27.9,22.2,7.8,77.7,1008.4,262,8.73,LTR
1994,5,31,29.3,25,7.5,79.61,1005.5,208,6.71,LTR
1994,6,30,28.5,24.5,11,84.93,1000.5,581,19.37,MHR
1994,7,31,28.1,25.2,10.2,85.16,1000,380,12.26,MHR
1994,8,31,28.2,25.4,9.7,86.03,1002.8,397,12.81,MHR
1994,9,30,28.7,24.3,7.4,82.87,1006.4,100,3.33,LTR
1994,10,31,27.6,23.8,3.9,81.87,1011.4,101,3.26,LTR
1994,11,30,24.5,19.4,3.6,78.83,1014.2,20,0.67,NRT
1994,12,31,20.3,14.8,4.1,74.87,1015.4,0,0,NRT
1995,1,31,19.3,12.1,5.5,68.03,1015.6,0,0,NRT
1995,2,28,21.7,14.4,5.4,73.68,1013.3,12,0.43,NRT
1995,3,31,26.2,18.2,7.3,67.52,1010.8,18,0.58,NRT
1995,4,30,28.7,23.1,7.8,77.53,1008.4,51,1.7,LTR
1995,5,31,29.9,25.4,10.8,79.16,1004.8,268,8.65,LTR
1995,6,30,28.8,24.5,12.1,83.23,1001.7,359,11.97,MHR
1995,7,31,28.1,25,12.8,84.65,1001.8,685,22.1,MHR
1995,8,31,28.4,25.5,8.8,85.32,1003.1,546,17.61,MHR
1995,9,30,28.4,24.2,9,83.2,1006.1,129,4.3,LTR
1995,10,31,28.5,24.6,4.2,81.87,1009.3,53,1.71,LTR
1995,11,30,25,21.2,5.5,85.07,1010.9,323,10.77,MHR
1995,12,31,21,16.1,5.2,77.55,1016.1,0,0,NRT
1996,1,31,19.9,14.3,4.9,74.39,1014.3,0,0,NRT
1996,2,29,22.4,14.8,5.1,71.41,1013,106,3.66,LTR
1996,3,31,26.4,21.9,10.4,78.94,1009,91,2.94,LTR
1996,4,30,28.2,23,7.3,79.47,1007.9,234,7.8,LTR
1996,5,31,29.5,25.1,11.1,79.52,1005.4,251,8.1,LTR
1996,6,30,28.8,24.1,11.8,81.63,1003.5,476,15.87,MHR
1996,7,31,28.7,25.6,9.6,84.55,1001.9,465,15,MHR
1996,8,31,27.6,25.1,9.7,87.39,1004.5,584,18.84,MHR
1996,9,30,28.8,24.7,7.4,83.9,1004.1,350,11.67,MHR
1996,10,31,27.6,23.7,8.6,81.61,1009.1,343,11.06,MHR
1996,11,30,24.9,20.3,4.5,81.6,1011.1,3,0.1,NRT
1996,12,31,21.8,16.7,5.3,76.65,1014.2,1,0.03,NRT
1997,1,31,19.3,12.8,5,71.71,1015.1,0,0,NRT
1997,2,28,21.4,14,5.3,73.89,1012.4,32,1.14,LTR
1997,3,31,25.5,21.2,7.2,80.16,1011.5,118,3.81,LTR
1997,4,30,26.1,20.6,6.4,77.77,1010.5,40,1.33,LTR
1997,5,31,28.7,24.6,10,80.26,1005.7,267,8.61,LTR
1997,6,30,28.5,24.1,9.4,82.7,1003.5,425,14.17,MHR
1997,7,31,27.9,25.6,10.5,88.52,1001.2,1033,33.32,MHR
1997,8,31,28.8,25.6,9.7,84.42,1003,383,12.35,MHR
1997,9,30,28,24.2,7.3,85.1,1007.6,530,17.67,MHR
1997,10,31,27.3,22.9,4.7,79.45,1012.8,134,4.32,LTR
1997,11,30,25.3,19.7,4.7,77.17,1013.9,49,1.63,LTR
1997,12,31,20.6,16.1,4.8,78.45,1015.5,4,0.13,NRT
1998,1,31,19.1,15.1,4.8,80.55,1015.4,37,1.19,LTR
1998,2,28,22.1,15,5.2,75.36,1014.5,103,3.68,LTR
1998,3,31,24.7,17.7,5.8,70.16,1012.2,97,3.13,LTR
1998,4,30,27.4,22.4,5.9,79.97,1009.8,184,6.13,LTR
1998,5,31,29.1,25,7.1,81.03,1005.4,387,12.48,MHR
1998,6,30,29.9,25.5,9.1,82.1,1002.9,132,4.4,LTR
1998,7,31,28.1,25.6,8.9,88,1003.4,1291,41.65,MHR
1998,8,31,28,25.7,7.9,88.26,1005.3,1194,38.52,MHR
1998,9,30,29,24.7,5.9,83.3,1006.8,193,6.43,LTR
1998,10,31,29.1,25.2,6.1,81.68,1008.6,122,3.94,LTR
1998,11,30,26.9,22.2,4,80.9,1010.5,93,3.1,LTR
1998,12,31,22.1,17.3,3.1,77.9,1013.9,0,0,NRT
1999,1,31,20.5,15.6,4.1,77.19,1012.8,0,0,NRT
1999,2,28,24.3,15.7,4.7,70.68,1013.1,0,0,NRT
1999,3,31,26.8,21.3,7.3,76.29,1007.3,0,0,NRT
1999,4,30,29.6,24.1,7.1,78.03,1006.4,0,0,NRT
1999,5,31,28.1,24.5,8.6,82.58,1004.2,463,14.94,MHR
1999,6,30,28.1,24.5,9.3,86,1002.8,879,29.3,MHR
1999,7,31,28.2,25.3,8.3,85.45,1001.4,491,15.84,MHR
1999,8,31,27.7,25.1,8.5,87.16,1003.3,848,27.35,MHR
1999,9,30,28.1,24.2,6.2,84.9,1006.1,203,6.77,LTR
1999,10,31,27.9,24.8,5.2,84.84,1008.7,201,6.48,LTR
1999,11,30,24.8,19.5,3.8,78.27,1011.8,2,0.07,NRT
1999,12,31,21.5,17,3.1,79.42,1014.4,107,3.45,LTR
2000,1,31,20,15,3.5,77.1,1013.6,17,0.55,NRT
2000,2,29,21.8,13.8,4.5,69.24,1012.5,0,0,NRT
2000,3,31,25.6,20.3,5.7,76.06,1009.9,16,0.52,NRT
2000,4,30,28.1,23,7.7,79.3,1007.1,108,3.6,LTR
2000,5,31,27.9,24.2,6.2,82.13,1004.8,748,24.13,MHR
2000,6,30,28.4,24.4,6.5,84.6,1003,643,21.43,MHR
2000,7,31,28.2,25.2,7.6,85.39,1002.1,713,23,MHR
2000,8,31,28.3,25.4,6.8,85.97,1003.4,689,22.23,MHR
2000,9,30,28.2,24.5,5.2,85.3,1006.1,138,4.6,LTR
2000,10,31,27.8,24.9,4.6,85.71,1007.8,416,13.42,MHR
2000,11,30,24.5,19.9,2.9,81.3,1012,15,0.5,NRT
2000,12,31,20.6,15.5,3.4,76.58,1013.4,0,0,NRT
2001,1,31,19,13.3,3,73.77,1012.9,0,0,NRT
2001,2,28,22.6,15.4,3.9,74.29,1011.2,12,0.43,NRT
2001,3,31,26,17,5,67.74,1009.8,1,0.03,NRT
2001,4,30,28.6,20.6,7.9,72.4,1008.2,41,1.37,LTR
2001,5,31,27.5,22,6.4,77.77,1003.9,423,13.65,MHR
2001,6,30,27.7,16.6,9,81.03,1001.3,567,18.9,MHR
2001,7,31,28,24.4,9.1,81.9,1001.9,385,12.42,MHR
2001,8,31,28.6,25,7.4,80.87,1002.6,238,7.68,LTR
2001,9,30,28.3,24,6.4,81.2,1006.2,224,7.47,LTR
2001,10,31,28.3,24.4,4.7,79.35,1009.2,242,7.81,LTR
2001,11,30,25.8,20.8,4.3,77.8,1012.9,81,2.7,LTR
2001,12,31,22.4,16.2,4.2,70.32,1015.6,0,0,NRT
2002,1,31,21.5,15.6,4.9,71.39,1014.6,1,0.03,NRT
2002,2,28,23.5,14,5.5,67.07,1014.6,0,0,NRT
2002,3,31,26.9,19.4,6.3,66.52,1010.5,70,2.26,LTR
2002,4,30,28,22.6,7.1,72.6,1008.6,67,2.23,LTR
2002,5,31,28.3,24.5,7.7,75.58,1003.7,453,14.61,MHR
2002,6,30,28.9,24.8,7.5,78.37,1002.9,366,12.2,MHR
2002,7,31,28.2,26,7.6,83.13,1001.8,920,29.68,MHR
2002,8,31,28.4,25.5,7.3,80.58,1003,456,14.71,MHR
2002,9,30,28.9,24.5,6.1,76.77,1006.7,145,4.83,LTR
2002,10,31,28.5,23.9,4.8,74.45,1009.9,129,4.16,LTR
2002,11,30,26.8,20.4,4.7,73.23,1011.7,128,4.27,LTR
2002,12,31,23.5,16.4,4.4,69.55,1014,10,0.32,NRT
2003,1,31,18.1,13.7,2.48,78.34,1015.5,0,0,NRT
2003,2,28,22.4,14.7,2.81,71.36,1013.6,0,0,NRT
2003,3,31,24.4,18.7,3.23,73.96,1011.1,53,1.71,LTR
2003,4,30,28.5,23.3,3.61,77.85,1010.3,167,5.57,LTR
2003,5,31,28.9,25.2,3.75,81.01,1005.2,198,6.39,LTR
2003,6,30,27,24.1,4.09,88.42,1001.8,1209,40.3,MHR
2003,7,31,28.4,25.7,3.91,85.55,1003.6,372,12,MHR
2003,8,31,28.2,25.6,3.49,85.93,1002.8,260,8.39,LTR
2003,9,30,28.2,24.7,2.75,85.79,1005.5,210,7,LTR
2003,10,31,28,25,2.19,84.63,1010.2,234,7.55,LTR
2003,11,30,23.6,18.2,1.63,77.14,1013.2,0,0,NRT
2003,12,31,21,16.8,2.24,79.75,1014.5,66,2.13,LTR
2004,1,31,19.3,13.4,2.47,79.4,1014.5,0,0,NRT
2004,2,29,21.8,14.8,2.71,72.93,1012.6,0,0,NRT
2004,3,31,25.9,21.1,3.86,77.03,1010.1,9,0.29,NRT
2004,4,30,27.4,22.9,4.03,80.89,1008.4,160,5.33,LTR
2004,5,31,29.4,25.2,3.22,79.58,1004.6,193,6.23,LTR
2004,6,30,28.1,24.5,3.08,85.8,1003.6,629,20.97,MHR
2004,7,31,27.7,25.4,3.68,87.73,1003.4,804,25.94,MHR
2004,8,31,27.9,25.4,3.68,86.8,1002.4,511,16.48,MHR
2004,9,30,27.6,24.4,3.22,87.48,1007.1,793,26.43,MHR
2004,10,31,27,23.7,2.62,84.07,1012,327,10.55,MHR
2004,11,30,23.3,18.1,1.5,78.65,1013.7,1,0.03,NRT
2004,12,31,21.2,16.2,1.66,76.9,1014.4,0,0,NRT
2005,1,31,19.5,14.3,2.74,74.76,1014.4,7,0.23,NRT
2005,2,28,23.1,15.7,3.27,73.33,1013.4,0,0,NRT
2005,3,31,26.1,19.5,4.07,79.66,1011.7,71,2.29,LTR
2005,4,30,28.2,22.9,3.41,78.06,1010.3,129,4.3,LTR
2005,5,31,28.7,24.7,3.56,79.26,1006.2,212,6.84,LTR
2005,6,30,29.2,25.3,4.69,83.85,1001.4,484,16.13,MHR
2005,7,31,28,25.6,4.38,87.09,1003.2,646,20.84,MHR
2005,8,31,27.6,25.8,4.04,90.16,1002.5,914,29.48,MHR
2005,9,30,28.2,24.8,2.96,86.48,1006,286,9.53,LTR
2005,10,31,27.8,24.9,2.54,84.8,1010.4,305,9.84,LTR
2005,11,30,23.9,19.4,1.89,80.44,1012.1,24,0.8,NRT
2005,12,31,21.5,17.4,2.16,79.57,1012.9,15,0.48,NRT
2006,1,31,19.6,14.7,2.6,76.6,1013.9,0,0,NRT
2006,2,28,23.7,17.3,2.96,78.25,1012.5,0,0,NRT
2006,3,31,26.5,19.5,2.84,69.68,1010.1,0,0,NRT
2006,4,30,28.5,22.7,3.37,75.62,1007.8,54,1.8,LTR
2006,5,31,28.5,25,3.61,82.13,1005.6,669,21.58,MHR
2006,6,30,28.6,25.2,3.89,86,1003.5,453,15.1,MHR
2006,7,31,28,25.8,3.94,88,1001.4,655,21.13,MHR
2006,8,31,28.2,25.4,4.14,85.1,1003.3,342,11.03,MHR
2006,9,30,28,24.6,3.48,86.18,1006.4,584,19.47,MHR
2006,10,31,27.9,24.9,2.13,84.6,1011.1,90,2.9,LTR
2006,11,30,24.5,20.1,2.26,81.52,1012.6,15,0.5,NRT
2006,12,31,20.5,16.1,2.17,78.87,1014.7,0,0,NRT
2007,1,31,18.4,13.3,2.28,76.36,1015.7,0,0,NRT
2007,2,28,21.7,14.7,2.94,75.24,1013.8,77,2.75,LTR
2007,3,31,24.8,17.4,3.52,68.61,1011.2,8,0.26,NRT
2007,4,30,27.5,22.6,3.53,79.16,1009.5,131,4.37,LTR
2007,5,31,28.9,25.3,3.52,81.46,1004.5,340,10.97,MHR
2007,6,30,28.4,24.9,3.76,85.36,1003.2,605,20.17,MHR
2007,7,31,27.6,25.6,3.67,89.3,1003.8,961,31,MHR
2007,8,31,28.2,25.7,3.33,86.42,1002.6,454,14.65,MHR
2007,9,30,27.9,24.7,3.03,86.99,1006,581,19.37,MHR
2007,10,31,26.9,24,2.74,85.02,1008.7,502,16.19,MHR
2007,11,30,24.9,21,2.5,83.5,1011.8,123,4.1,LTR
2007,12,31,20.4,16,1.99,78.46,1013.5,0,0,NRT
2008,1,31,19.9,15.4,5.4,77,1012.9,64,2.06,LTR
2008,2,29,20.9,13.1,5.8,67.76,1012.9,7,0.24,NRT
2008,3,31,25.8,21.8,5.6,79.81,1009.5,6,0.19,NRT
2008,4,30,28.4,22.1,6.4,73.57,1007.2,1,0.03,NRT
2008,5,31,28.9,24.6,7,77.97,1003.8,244,7.87,LTR
2008,6,30,28.3,24.3,8.3,83.43,1002.2,538,17.93,MHR
2008,7,31,27.3,25.2,8.4,87.94,1001.9,963,31.06,MHR
2008,8,31,27.6,25.4,7.9,87.68,1003.3,757,24.42,MHR
2008,9,30,27.9,24.3,7.2,85.2,1005.1,250,8.33,LTR
2008,10,31,27.6,24.2,5.5,81.77,1009.1,171,5.52,LTR
2008,11,30,24.6,19.2,4.7,75.93,1011.5,31,1.03,LTR
2008,12,31,21.9,18,4.7,79.19,1013.2,0,0,NRT
2009,1,31,20.9,14.9,5.4,71.39,1014.4,0,0,NRT
2009,2,28,23.2,14.6,5.9,67.39,1011,2,0.07,NRT
2009,3,31,26.6,20.7,5.8,72.1,1009.5,3,0.1,NRT
2009,4,30,28.7,23.9,7.9,79.23,1007,114,3.8,LTR
2009,5,31,28.9,24.9,6.9,79.06,1004.4,373,12.03,MHR
2009,6,30,28.8,24.7,7.9,82.7,1001.7,434,14.47,MHR
2009,7,31,27.7,25.2,9,87.1,1000.7,1244,40.13,MHR
2009,8,31,28,25.6,7.3,86.77,1004.1,693,22.35,MHR
2009,9,30,28.3,24.5,6.2,84.43,1005.1,281,9.37,LTR
2009,10,31,27.5,23.7,6.1,80.61,1008.8,300,9.68,LTR
2009,11,30,25.4,19.5,5.3,74.2,1011.7,17,0.57,NRT
2009,12,31,21.1,15.8,5.3,73.55,1013.9,0,0,NRT
2010,1,31,19.8,14.2,5.9,72.35,1014.8,0,0,NRT
2010,2,28,23.1,13.4,6,63,1012.8,8,0.29,NRT
2010,3,31,27.2,21.7,7.7,74.03,1010.2,40,1.29,LTR
2010,4,30,29.1,24.1,8.7,78.23,1008.4,46,1.53,LTR
2010,5,31,29,25.2,7.2,80.1,1004.8,346,11.16,MHR
2010,6,30,28.4,25,7.3,86.47,1003.4,747,24.9,MHR
2010,7,31,28.7,25.5,7.6,83.65,1003.8,267,8.61,LTR
2010,8,31,28.5,25.8,5.8,85.74,1004.5,516,16.65,MHR
2010,9,30,28.5,24.6,4.9,84.07,1006,116,3.87,LTR
2010,10,31,28.2,24.8,5.4,82.19,1006.5,294,9.48,LTR
2010,11,30,25.6,20.4,5.3,77.27,1010.8,38,1.27,LTR
2010,12,31,21.1,15.9,5.1,73.77,1010.4,19,0.61,NRT
2011,1,31,19,12.6,5.1,68.87,1012.4,0,0,NRT
2011,2,28,22.7,13.9,5.7,67,1011.3,0,0,NRT
2011,3,31,25.5,18.7,7,69.35,1009.7,35,1.13,LTR
2011,4,30,27.6,22.5,5.5,77.73,1008.7,133,4.43,LTR
2011,5,31,28.4,24.8,5.6,80.84,1004.8,276,8.9,LTR
2011,6,30,28,24.5,6.5,85.33,1000.4,481,16.03,MHR
2011,7,31,28.2,25.3,6.1,84.58,1002.2,562,18.13,MHR
2011,8,31,27.5,25.2,6,87,1003.2,806,26,MHR
2011,9,30,27.7,24.2,5.6,85.8,1003.8,762,25.4,MHR
2011,10,31,27.7,24,4.8,80.45,1008.4,46,1.48,LTR
2011,11,30,24.1,18.4,5.7,74.6,1011.6,0,0,NRT
2011,12,31,20.6,16,5.4,77.03,1012.7,0,0,NRT
2012,1,31,20.4,13.8,6.5,68.19,1013.2,0,0,NRT
2012,2,29,22.8,13.3,6.4,62.52,1010.7,0,0,NRT
2012,3,31,26.2,21.3,6,76.29,1009.3,30,0.97,NRT
2012,4,30,27.2,22.7,7.6,80.17,1007.6,192,6.4,LTR
2012,5,31,29.1,25.3,6.4,80.06,1003.7,188,6.06,LTR
2012,6,30,28.2,24.9,7.3,86.6,999.8,1337,44.57,MHR
2012,7,31,27.5,25.3,7.7,88.32,1001,788,25.42,MHR
2012,8,31,28.1,25.6,6.6,86.65,1002.5,299,9.65,LTR
2012,9,30,28.3,24.9,6.1,85.67,1005.9,170,5.67,LTR
2012,10,31,27.3,24.3,5.6,84.58,1009.6,636,20.52,MHR
2012,11,30,24.2,19.1,5.5,77.67,1011,3,0.1,NRT
2012,12,31,19,15.3,6,80.71,1012.7,0,0,NRT
2013,1,31,18.4,12.9,6.5,72.58,1014.4,0,0,NRT
2013,2,28,22.9,13.8,7.2,64.79,1012.4,0,0,NRT
2013,3,31,25.9,21.1,7.1,77.06,1010.5,3,0.1,NRT
2013,4,30,28.2,23,7,77.9,1007.6,58,1.93,LTR
2013,5,31,27.2,24.6,7.5,85.87,1004.3,773,24.94,MHR
2013,6,30,28.6,24.8,7.2,84.5,1001.4,513,17.1,MHR
2013,7,31,28.3,25.4,6.5,84.23,1000.8,405,13.06,MHR
2013,8,31,27.9,25.3,5.9,86.1,1003.1,267,8.61,LTR
2013,9,30,28.2,24.6,6.4,84.47,1004.9,173,5.77,LTR
2013,10,31,26.9,24.3,5.2,85.77,1009.6,369,11.9,MHR
2013,11,30,24.2,19.3,5.3,78.1,1011.9,0,0,NRT
2013,12,31,20.8,16.5,5.3,77.77,1013.3,0,0,NRT
2014,1,31,19.7,14.1,6.4,72.06,1015.6,0,0,NRT
2014,2,28,22.2,14.2,7.5,69.36,1012.2,37,1.32,LTR
2014,3,31,25.7,18.9,7,68.97,1011.6,18,0.58,NRT
2014,4,30,29.4,23.7,6.6,76.8,1008.2,43,1.43,LTR
2014,5,31,29.5,25.6,7.1,79.77,1006.2,304,9.81,LTR
2014,6,30,28.5,25,7.5,85.43,1000.7,1494,49.8,MHR
2014,7,31,28.4,25.7,6.8,85,1001.1,395,12.74,MHR
2014,8,31,27.9,25.5,6.9,87.13,1003.8,692,22.32,MHR
2014,9,30,28.2,24.5,5.8,84.33,1006.1,363,12.1,MHR
2014,10,31,27.5,23.9,5.7,80.58,1010.4,104,3.35,LTR
2014,11,30,25.2,18.8,5.7,72.3,1011.4,0,0,NRT
2014,12,31,21.5,16.2,5.4,73.74,1013.8,0,0,NRT
2015,1,31,20.9,15.1,6,71.42,1014.8,6,0.19,NRT
2015,2,28,22.7,14.4,6,68.32,1013.9,10,0.36,NRT
2015,3,31,26.7,18,7.5,62.68,1012.3,32,1.03,LTR
2015,4,30,28,22.8,7,77.4,1009.6,89,2.97,LTR
2015,5,31,29.9,25.3,6.9,77.06,1006.1,381,12.29,MHR
2015,6,30,28.9,24.6,6.7,82.27,1003.1,724,24.13,MHR
2015,7,31,27.8,25.6,6.1,88.39,1000.6,770,24.84,MHR
2015,8,31,28.6,25.7,6.4,84.52,1004.3,590,19.03,MHR
2015,9,30,29.2,24.8,6,81.77,1006.2,398,13.27,MHR
2015,10,31,27.6,23.9,3.6,80.97,1010.5,262,8.45,LTR
2015,11,30,24.8,19.2,4.4,75.9,1012.6,31,1.03,LTR
2015,12,31,21.2,16.6,5.5,76.45,1014.9,6,0.19,NRT
